LocationID	City Name	Territory	PostalCode	OpenDate	SellingAreaSize	DistrictName	Name	StoreNumberName	StoreNumber	City	Chain	DM	DM_Pic	DistrictID	Open Year	Store Type	Open Month No	Open Month
2	Weirton	WV	26032	01/05/2010 00:00:00	40000	FD - District #4	Weirton Fashions Direct	2 - Weirton Fashions Direct	2	Weirton, WV	Fashions Direct	Andrew Ma	https://obvience-public.sharepoint.com/SiteAssets/images/demo/people/Andrew Ma.jpg	4	2010	Same Store	5	May
3	Beckley	WV	25801	01/02/2008 00:00:00	40000	FD - District #2	Beckley Fashions Direct	3 - Beckley Fashions Direct	3	Beckley, WV	Fashions Direct	Tina Lassila	https://obvience-public.sharepoint.com/SiteAssets/images/demo/people/Tina Lassila.jpg	2	2008	Same Store	2	Feb
4	Fairmont	WV	26554	01/10/2006 00:00:00	15000	FD - District #1	Fairmont Fashions Direct	4 - Fairmont Fashions Direct	4	Fairmont, WV	Fashions Direct	Valery Ushakov	https://obvience-public.sharepoint.com/SiteAssets/images/demo/people/Valery Ushakov.jpg	1	2006	Same Store	10	Oct
5	Uniontown	PA	15401	01/10/2008 00:00:00	55000	FD - District #4	Uniontown Fashions Direct	5 - Uniontown Fashions Direct	5	Uniontown, PA	Fashions Direct	Andrew Ma	https://obvience-public.sharepoint.com/SiteAssets/images/demo/people/Andrew Ma.jpg	4	2008	Same Store	10	Oct
6	Parkersburg	WV	26101	01/08/2007 00:00:00	60000	FD - District #2	Parkersburg Fashions Direct	6 - Parkersburg Fashions Direct	6	Parkersburg, WV	Fashions Direct	Tina Lassila	https://obvience-public.sharepoint.com/SiteAssets/images/demo/people/Tina Lassila.jpg	2	2007	Same Store	8	Aug
7	Belle Vernon	PA	15012	01/10/2007 00:00:00	45000	FD - District #4	Belle Vernon Fashions Direct	7 - Belle Vernon Fashions Direct	7	Belle Vernon, PA	Fashions Direct	Andrew Ma	https://obvience-public.sharepoint.com/SiteAssets/images/demo/people/Andrew Ma.jpg	4	2007	Same Store	10	Oct
8	Lavale	MD	21502	01/10/2008 00:00:00	40000	FD - District #1	Cumberland Fashions Direct	8 - Cumberland Fashions Direct	8	Lavale, MD	Fashions Direct	Valery Ushakov	https://obvience-public.sharepoint.com/SiteAssets/images/demo/people/Valery Ushakov.jpg	1	2008	Same Store	10	Oct
9	Clarksburg	WV	26330	01/08/2009 00:00:00	40000	FD - District #1	Clarksburg Fashions Direct	9 - Clarksburg Fashions Direct	9	Clarksburg, WV	Fashions Direct	Valery Ushakov	https://obvience-public.sharepoint.com/SiteAssets/images/demo/people/Valery Ushakov.jpg	1	2009	Same Store	8	Aug
10	St. Clairsville	OH	43950	01/04/2010 00:00:00	50000	FD - District #4	St. Clairsville Fashions Direct	10 - St. Clairsville Fashions Direct	10	St. Clairsville, OH	Fashions Direct	Andrew Ma	https://obvience-public.sharepoint.com/SiteAssets/images/demo/people/Andrew Ma.jpg	4	2010	Same Store	4	Apr
11	West Mifflen	PA	15122	01/04/2011 00:00:00	55000	FD - District #4	Century III Fashions Direct	11 - Century III Fashions Direct	11	West Mifflen, PA	Fashions Direct	Andrew Ma	https://obvience-public.sharepoint.com/SiteAssets/images/demo/people/Andrew Ma.jpg	4	2011	Same Store	4	Apr
12	Kent	OH	44240	01/07/2012 00:00:00	50000	FD - District #3	Kent Fashions Direct	12 - Kent Fashions Direct	12	Kent, OH	Fashions Direct	Carlos Grilo	https://obvience-public.sharepoint.com/SiteAssets/images/demo/people/Carlos Grilo.jpg	3	2012	Same Store	7	Jul
13	Charleston	WV	25387	01/01/2013 00:00:00	55000	FD - District #2	Charleston Fashions Direct	13 - Charleston Fashions Direct	13	Charleston, WV	Fashions Direct	Tina Lassila	https://obvience-public.sharepoint.com/SiteAssets/images/demo/people/Tina Lassila.jpg	2	2013	Same Store	1	Jan
14	Harrisburg	PA	17109	01/01/2013 00:00:00	65000	FD - District #1	Harrisburg Fashions Direct	14 - Harrisburg Fashions Direct	14	Harrisburg, PA	Fashions Direct	Valery Ushakov	https://obvience-public.sharepoint.com/SiteAssets/images/demo/people/Valery Ushakov.jpg	1	2013	Same Store	1	Jan
15	York	PA	17402	01/04/2014 00:00:00	50000	FD - District #1	York Fashions Direct	15 - York Fashions Direct	15	York, PA	Fashions Direct	Valery Ushakov	https://obvience-public.sharepoint.com/SiteAssets/images/demo/people/Valery Ushakov.jpg	1	2014	New Store	4	Apr
16	Winchester	VA	22602	01/02/2014 00:00:00	40000	FD - District #1	Winchester Fashions Direct	16 - Winchester Fashions Direct	16	Winchester, VA	Fashions Direct	Valery Ushakov	https://obvience-public.sharepoint.com/SiteAssets/images/demo/people/Valery Ushakov.jpg	1	2014	New Store	2	Feb
18	Washington	PA	15301	01/02/2014 00:00:00	55000	FD - District #4	Washington Fashions Direct	18 - Washington Fashions Direct	18	Washington, PA	Fashions Direct	Andrew Ma	https://obvience-public.sharepoint.com/SiteAssets/images/demo/people/Andrew Ma.jpg	4	2014	New Store	2	Feb
19	Abingdon	MD	21009	01/04/2005 00:00:00	50000	FD - District #1	Bel Air Fashions Direct	19 - Bel Air Fashions Direct	19	Abingdon, MD	Fashions Direct	Valery Ushakov	https://obvience-public.sharepoint.com/SiteAssets/images/demo/people/Valery Ushakov.jpg	1	2005	Same Store	4	Apr
20	Greensburg	PA	15601	01/09/2006 00:00:00	55000	FD - District #4	Greensburg Fashions Direct	20 - Greensburg Fashions Direct	20	Greensburg, PA	Fashions Direct	Andrew Ma	https://obvience-public.sharepoint.com/SiteAssets/images/demo/people/Andrew Ma.jpg	4	2006	Same Store	9	Sep
21	Zanesville	OH	43701	01/11/2006 00:00:00	50000	FD - District #4	Zanesville Fashions Direct	21 - Zanesville Fashions Direct	21	Zanesville, OH	Fashions Direct	Andrew Ma	https://obvience-public.sharepoint.com/SiteAssets/images/demo/people/Andrew Ma.jpg	4	2006	Same Store	11	Nov
22	Wickliffe	OH	44092	01/10/2008 00:00:00	55000	FD - District #3	Wickliffe Fashions Direct	22 - Wickliffe Fashions Direct	22	Wickliffe, OH	Fashions Direct	Carlos Grilo	https://obvience-public.sharepoint.com/SiteAssets/images/demo/people/Carlos Grilo.jpg	3	2008	Same Store	10	Oct
23	Erie	PA	16505	01/04/2009 00:00:00	40000	FD - District #3	Erie Fashions Direct	23 - Erie Fashions Direct	23	Erie, PA	Fashions Direct	Carlos Grilo	https://obvience-public.sharepoint.com/SiteAssets/images/demo/people/Carlos Grilo.jpg	3	2009	Same Store	4	Apr
24	North Canton	OH	44720	01/08/2009 00:00:00	55000	FD - District #3	North Canton Fashions Direct	24 - North Canton Fashions Direct	24	North Canton, OH	Fashions Direct	Carlos Grilo	https://obvience-public.sharepoint.com/SiteAssets/images/demo/people/Carlos Grilo.jpg	3	2009	Same Store	8	Aug
25	Mansfield	OH	44906	01/02/2010 00:00:00	50000	FD - District #3	Mansfield Fashions Direct	25 - Mansfield Fashions Direct	25	Mansfield, OH	Fashions Direct	Carlos Grilo	https://obvience-public.sharepoint.com/SiteAssets/images/demo/people/Carlos Grilo.jpg	3	2010	Same Store	2	Feb
26	Akron	OH	44313	01/02/2010 00:00:00	55000	FD - District #3	Akron Fashions Direct	26 - Akron Fashions Direct	26	Akron, OH	Fashions Direct	Carlos Grilo	https://obvience-public.sharepoint.com/SiteAssets/images/demo/people/Carlos Grilo.jpg	3	2010	Same Store	2	Feb
27	Boardman	OH	44512	01/05/2010 00:00:00	50000	FD - District #3	Boardman Fashions Direct	27 - Boardman Fashions Direct	27	Boardman, OH	Fashions Direct	Carlos Grilo	https://obvience-public.sharepoint.com/SiteAssets/images/demo/people/Carlos Grilo.jpg	3	2010	Same Store	5	May
28	Huntington	WV	25705	01/08/2010 00:00:00	55000	FD - District #2	Huntington Fashions Direct	28 - Huntington Fashions Direct	28	Huntington, WV	Fashions Direct	Tina Lassila	https://obvience-public.sharepoint.com/SiteAssets/images/demo/people/Tina Lassila.jpg	2	2010	Same Store	8	Aug
31	Mentor	OH	44060	01/01/2013 00:00:00	45000	FD - District #3	Mentor Fashions Direct	31 - Mentor Fashions Direct	31	Mentor, OH	Fashions Direct	Carlos Grilo	https://obvience-public.sharepoint.com/SiteAssets/images/demo/people/Carlos Grilo.jpg	3	2013	Same Store	1	Jan
32	Middleburg Heights	OH	44130	01/01/2013 00:00:00	50000	FD - District #3	Middleburg Heights  Fashions Direct	32 - Middleburg Heights  Fashions Direct	32	Middleburg Heights, OH	Fashions Direct	Carlos Grilo	https://obvience-public.sharepoint.com/SiteAssets/images/demo/people/Carlos Grilo.jpg	3	2013	Same Store	1	Jan
33	Altoona	PA	16602	01/01/2013 00:00:00	40000	FD - District #1	Altoona Fashions Direct	33 - Altoona Fashions Direct	33	Altoona, PA	Fashions Direct	Valery Ushakov	https://obvience-public.sharepoint.com/SiteAssets/images/demo/people/Valery Ushakov.jpg	1	2013	Same Store	1	Jan
34	Monroeville	PA	15146	01/01/2014 00:00:00	40000	FD - District #4	Monroeville Fashions Direct	34 - Monroeville Fashions Direct	34	Monroeville, PA	Fashions Direct	Andrew Ma	https://obvience-public.sharepoint.com/SiteAssets/images/demo/people/Andrew Ma.jpg	4	2014	New Store	1	Jan
35	Sharonville	OH	45241	01/03/2014 00:00:00	45000	FD - District #2	Sharonville Fashions Direct	35 - Sharonville Fashions Direct	35	Sharonville, OH	Fashions Direct	Tina Lassila	https://obvience-public.sharepoint.com/SiteAssets/images/demo/people/Tina Lassila.jpg	2	2014	New Store	3	Mar
36	Cincinnati	OH	45255	01/06/2014 00:00:00	45000	FD - District #2	Cincinnati 2 Fashions Direct	36 - Beechmont Fashions Direct	36	Cincinnati, OH	Fashions Direct	Tina Lassila	https://obvience-public.sharepoint.com/SiteAssets/images/demo/people/Tina Lassila.jpg	2	2014	New Store	6	Jun
37	Pittsburgh	PA	15237	01/01/2006 00:00:00	60000	FD - District #4	North Hills Fashions Direct	37 - North Hills Fashions Direct	37	Pittsburgh, PA	Fashions Direct	Andrew Ma	https://obvience-public.sharepoint.com/SiteAssets/images/demo/people/Andrew Ma.jpg	4	2006	Same Store	1	Jan
38	Lexington	KY	40509	01/09/2006 00:00:00	40000	FD - District #2	Lexington Fashions Direct	38 - Lexington Fashions Direct	38	Lexington, KY	Fashions Direct	Tina Lassila	https://obvience-public.sharepoint.com/SiteAssets/images/demo/people/Tina Lassila.jpg	2	2006	Same Store	9	Sep
39	Morgantown	WV	26501	01/11/2006 00:00:00	55000	FD - District #1	Morgantown Fashions Direct	39 - Morgantown Fashions Direct	39	Morgantown, WV	Fashions Direct	Valery Ushakov	https://obvience-public.sharepoint.com/SiteAssets/images/demo/people/Valery Ushakov.jpg	1	2006	Same Store	11	Nov
40	Beavercreek	OH	45431	01/05/2007 00:00:00	45000	FD - District #2	Beavercreek Fashions Direct	40 - Beavercreek Fashions Direct	40	Beavercreek, OH	Fashions Direct	Tina Lassila	https://obvience-public.sharepoint.com/SiteAssets/images/demo/people/Tina Lassila.jpg	2	2007	Same Store	5	May
41	Cincinnati	OH	45248	01/01/2011 00:00:00	45000	FD - District #2	Cincinnati Fashions Direct	41 - Cincinnati Fashions Direct	41	Cincinnati, OH	Fashions Direct	Tina Lassila	https://obvience-public.sharepoint.com/SiteAssets/images/demo/people/Tina Lassila.jpg	2	2011	Same Store	1	Jan
501	Frederick	MD	21701	01/09/2006 00:00:00	10000	LI - District #1	Frederick Lindseys	501 - Frederick Lindseys	501	Frederick, MD	Lindseys	Allan Guinot	https://obvience-public.sharepoint.com/SiteAssets/images/demo/people/Allan Guinot.jpg	6	2006	Same Store	9	Sep
503	Fredericksburg	VA	22401	01/11/2007 00:00:00	10000	LI - District #2	Fredericksburg Lindseys	503 - Fredericksburg Lindseys	503	Fredericksburg, VA	Lindseys	Chris McGurk	https://obvience-public.sharepoint.com/SiteAssets/images/demo/people/Chris McGurk.jpg	7	2007	Same Store	11	Nov
504	Gaithersburg	MD	20877	01/01/2008 00:00:00	10000	LI - District #1	Gaithersburg Lindseys	504 - Gaithersburg Lindseys	504	Gaithersburg, MD	Lindseys	Allan Guinot	https://obvience-public.sharepoint.com/SiteAssets/images/demo/people/Allan Guinot.jpg	6	2008	Same Store	1	Jan
505	Laurel	MD	20707	01/03/2008 00:00:00	10000	LI - District #1	Laurel Lindseys	505 - Laurel Lindseys	505	Laurel, MD	Lindseys	Allan Guinot	https://obvience-public.sharepoint.com/SiteAssets/images/demo/people/Allan Guinot.jpg	6	2008	Same Store	3	Mar
506	Manassas	VA	20109	01/08/2009 00:00:00	10000	LI - District #2	Manassas Lindseys	506 - Manassas Lindseys	506	Manassas, VA	Lindseys	Chris McGurk	https://obvience-public.sharepoint.com/SiteAssets/images/demo/people/Chris McGurk.jpg	7	2009	Same Store	8	Aug
507	College Park	MD	20740	01/12/2008 00:00:00	10000	LI - District #1	College Park Lindseys	507 - College Park Lindseys	507	College Park, MD	Lindseys	Allan Guinot	https://obvience-public.sharepoint.com/SiteAssets/images/demo/people/Allan Guinot.jpg	6	2008	Same Store	12	Dec
508	Pasadena	MD	21122	01/11/2008 00:00:00	10000	LI - District #1	Pasadena Lindseys	508 - Pasadena Lindseys	508	Pasadena, MD	Lindseys	Allan Guinot	https://obvience-public.sharepoint.com/SiteAssets/images/demo/people/Allan Guinot.jpg	6	2008	Same Store	11	Nov
509	Annapolis	MD	21401	01/04/2009 00:00:00	10000	LI - District #1	Annapolis Lindseys	509 - Annapolis Lindseys	509	Annapolis, MD	Lindseys	Allan Guinot	https://obvience-public.sharepoint.com/SiteAssets/images/demo/people/Allan Guinot.jpg	6	2009	Same Store	4	Apr
510	North Baltimore	MD	21234	01/04/2008 00:00:00	10000	LI - District #1	North Baltimore Lindseys	510 - North Baltimore Lindseys	510	North Baltimore, MD	Lindseys	Allan Guinot	https://obvience-public.sharepoint.com/SiteAssets/images/demo/people/Allan Guinot.jpg	6	2008	Same Store	4	Apr
511	Bowie	MD	20715	01/05/2009 00:00:00	10000	LI - District #1	Bowie Lindseys	511 - Bowie Lindseys	511	Bowie, MD	Lindseys	Allan Guinot	https://obvience-public.sharepoint.com/SiteAssets/images/demo/people/Allan Guinot.jpg	6	2009	Same Store	5	May
512	Roanoke	VA	24012	01/07/2009 00:00:00	10000	LI - District #2	Roanoke Lindseys	512 - Roanoke Lindseys	512	Roanoke, VA	Lindseys	Chris McGurk	https://obvience-public.sharepoint.com/SiteAssets/images/demo/people/Chris McGurk.jpg	7	2009	Same Store	7	Jul
513	Waldorf	MD	20603	01/09/2009 00:00:00	10000	LI - District #2	Waldorf Lindseys	513 - Waldorf Lindseys	513	Waldorf, MD	Lindseys	Chris McGurk	https://obvience-public.sharepoint.com/SiteAssets/images/demo/people/Chris McGurk.jpg	7	2009	Same Store	9	Sep
514	Glen Allen	VA	23060	01/03/2009 00:00:00	10000	LI - District #2	Richmond Lindseys	514 - Richmond Lindseys	514	Glen Allen, VA	Lindseys	Chris McGurk	https://obvience-public.sharepoint.com/SiteAssets/images/demo/people/Chris McGurk.jpg	7	2009	Same Store	3	Mar
515	Richmond	VA	23235	01/01/2009 00:00:00	10000	LI - District #2	Chesterfield Lindseys	515 - Chesterfield Lindseys	515	Richmond, VA	Lindseys	Chris McGurk	https://obvience-public.sharepoint.com/SiteAssets/images/demo/people/Chris McGurk.jpg	7	2009	Same Store	1	Jan
517	Lynchburg	VA	24502	01/07/2010 00:00:00	15000	LI - District #2	Lynchburg Lindseys	517 - Lynchburg Lindseys	517	Lynchburg, VA	Lindseys	Chris McGurk	https://obvience-public.sharepoint.com/SiteAssets/images/demo/people/Chris McGurk.jpg	7	2010	Same Store	7	Jul
518	Alexandria	VA	22310	01/08/2010 00:00:00	10000	LI - District #2	Alexandria Lindseys	518 - Alexandria Lindseys	518	Alexandria, VA	Lindseys	Chris McGurk	https://obvience-public.sharepoint.com/SiteAssets/images/demo/people/Chris McGurk.jpg	7	2010	Same Store	8	Aug
519	Colonial Heights	VA	23834	01/09/2010 00:00:00	15000	LI - District #2	Colonial Heights Lindseys	519 - Colonial Heights Lindseys	519	Colonial Heights, VA	Lindseys	Chris McGurk	https://obvience-public.sharepoint.com/SiteAssets/images/demo/people/Chris McGurk.jpg	7	2010	Same Store	9	Sep
520	Greensboro	NC	27407	01/10/2010 00:00:00	15000	LI - District #4	Greensboro Lindseys	520 - Greensboro Lindseys	520	Greensboro, NC	Lindseys	Brad Sutton	https://obvience-public.sharepoint.com/SiteAssets/images/demo/people/Brad Sutton.jpg	10	2010	Same Store	10	Oct
522	Cary	NC	27518	01/08/2010 00:00:00	10000	LI - District #3	Cary Lindseys	522 - Cary Lindseys	522	Cary, NC	Lindseys	Chris Gray	https://obvience-public.sharepoint.com/SiteAssets/images/demo/people/Chris Gray.jpg	9	2010	Same Store	8	Aug
523	Harrisonburg	VA	22802	01/12/2010 00:00:00	10000	LI - District #2	Harrisonburg Lindseys	523 - Harrisonburg Lindseys	523	Harrisonburg, VA	Lindseys	Chris McGurk	https://obvience-public.sharepoint.com/SiteAssets/images/demo/people/Chris McGurk.jpg	7	2010	Same Store	12	Dec
524	Christiansburg	VA	24073	01/10/2010 00:00:00	10000	LI - District #2	Christiansburg Lindseys	524 - Christiansburg Lindseys	524	Christiansburg, VA	Lindseys	Chris McGurk	https://obvience-public.sharepoint.com/SiteAssets/images/demo/people/Chris McGurk.jpg	7	2010	Same Store	10	Oct
525	Raleigh	NC	27604	01/11/2010 00:00:00	10000	LI - District #3	Raleigh Lindseys	525 - Raleigh Lindseys	525	Raleigh, NC	Lindseys	Chris Gray	https://obvience-public.sharepoint.com/SiteAssets/images/demo/people/Chris Gray.jpg	9	2010	Same Store	11	Nov
526	Newark	DE	19702	01/02/2011 00:00:00	10000	LI - District #1	Glasgow Lindseys	526 - Glasgow Lindseys	526	Newark, DE	Lindseys	Allan Guinot	https://obvience-public.sharepoint.com/SiteAssets/images/demo/people/Allan Guinot.jpg	6	2011	Same Store	2	Feb
528	Durham	NC	27707	01/04/2011 00:00:00	15000	LI - District #3	Durham  Lindseys	528 - Durham  Lindseys	528	Durham, NC	Lindseys	Chris Gray	https://obvience-public.sharepoint.com/SiteAssets/images/demo/people/Chris Gray.jpg	9	2011	Same Store	4	Apr
530	Asheville	NC	28803	01/09/2011 00:00:00	10000	LI - District #4	Asheville Lindseys	530 - Asheville Lindseys	530	Asheville, NC	Lindseys	Brad Sutton	https://obvience-public.sharepoint.com/SiteAssets/images/demo/people/Brad Sutton.jpg	10	2011	Same Store	9	Sep
531	Winston-Salem	NC	27106	01/11/2011 00:00:00	10000	LI - District #4	Winston-Salem Lindseys	531 - Winston-Salem Lindseys	531	Winston-Salem, NC	Lindseys	Brad Sutton	https://obvience-public.sharepoint.com/SiteAssets/images/demo/people/Brad Sutton.jpg	10	2011	Same Store	11	Nov
533	Charlotte	NC	28226	01/03/2012 00:00:00	10000	LI - District #4	Pineville Lindseys	533 - Pineville Lindseys	533	Charlotte, NC	Lindseys	Brad Sutton	https://obvience-public.sharepoint.com/SiteAssets/images/demo/people/Brad Sutton.jpg	10	2012	Same Store	3	Mar
534	Mooresville	NC	28117	01/09/2012 00:00:00	10000	LI - District #4	Mooresville Lindseys	534 - Mooresville Lindseys	534	Mooresville, NC	Lindseys	Brad Sutton	https://obvience-public.sharepoint.com/SiteAssets/images/demo/people/Brad Sutton.jpg	10	2012	Same Store	9	Sep
535	Clemmons	NC	27012	01/04/2012 00:00:00	10000	LI - District #4	Clemmons Lindseys	535 - Clemmons Lindseys	535	Clemmons, NC	Lindseys	Brad Sutton	https://obvience-public.sharepoint.com/SiteAssets/images/demo/people/Brad Sutton.jpg	10	2012	Same Store	4	Apr
536	Statesville	NC	28625	01/06/2012 00:00:00	10000	LI - District #4	Statesville Lindseys	536 - Statesville Lindseys	536	Statesville, NC	Lindseys	Brad Sutton	https://obvience-public.sharepoint.com/SiteAssets/images/demo/people/Brad Sutton.jpg	10	2012	Same Store	6	Jun
537	Fayetteville	NC	28303	01/09/2012 00:00:00	10000	LI - District #3	Fayetteville Lindseys	537 - Fayetteville Lindseys	537	Fayetteville, NC	Lindseys	Chris Gray	https://obvience-public.sharepoint.com/SiteAssets/images/demo/people/Chris Gray.jpg	9	2012	Same Store	9	Sep
538	Hickory	NC	28602	01/06/2012 00:00:00	15000	LI - District #4	Hickory Lindseys	538 - Hickory Lindseys	538	Hickory, NC	Lindseys	Brad Sutton	https://obvience-public.sharepoint.com/SiteAssets/images/demo/people/Brad Sutton.jpg	10	2012	Same Store	6	Jun
540	Wilmington	NC	28403	01/07/2012 00:00:00	10000	LI - District #3	Wilmington Lindseys	540 - Wilmington Lindseys	540	Wilmington, NC	Lindseys	Chris Gray	https://obvience-public.sharepoint.com/SiteAssets/images/demo/people/Chris Gray.jpg	9	2012	Same Store	7	Jul
541	Florence	SC	29501	01/04/2012 00:00:00	10000	LI - District #3	Florence Lindseys	541 - Florence Lindseys	541	Florence, SC	Lindseys	Chris Gray	https://obvience-public.sharepoint.com/SiteAssets/images/demo/people/Chris Gray.jpg	9	2012	Same Store	4	Apr
542	Greenville	SC	29607	01/03/2012 00:00:00	10000	LI - District #4	Greenville Lindseys	542 - Greenville Lindseys	542	Greenville, SC	Lindseys	Brad Sutton	https://obvience-public.sharepoint.com/SiteAssets/images/demo/people/Brad Sutton.jpg	10	2012	Same Store	3	Mar
543	Sumter	SC	29150	01/05/2012 00:00:00	10000	LI - District #3	Sumter Lindseys	543 - Sumter Lindseys	543	Sumter, SC	Lindseys	Chris Gray	https://obvience-public.sharepoint.com/SiteAssets/images/demo/people/Chris Gray.jpg	9	2012	Same Store	5	May
544	North Charleston	SC	29406	01/12/2012 00:00:00	10000	LI - District #3	North Charleston Lindseys	544 - North Charleston Lindseys	544	North Charleston, SC	Lindseys	Chris Gray	https://obvience-public.sharepoint.com/SiteAssets/images/demo/people/Chris Gray.jpg	9	2012	Same Store	12	Dec
545	Greenville	NC	27858	01/07/2012 00:00:00	10000	LI - District #3	Greenville Lindseys	545 - Greenville Lindseys	545	Greenville, NC	Lindseys	Chris Gray	https://obvience-public.sharepoint.com/SiteAssets/images/demo/people/Chris Gray.jpg	9	2012	Same Store	7	Jul
546	Wilmington	DE	19808	01/10/2012 00:00:00	10000	LI - District #1	Wilmington Lindseys	546 - Wilmington Lindseys	546	Wilmington, DE	Lindseys	Allan Guinot	https://obvience-public.sharepoint.com/SiteAssets/images/demo/people/Allan Guinot.jpg	6	2012	Same Store	10	Oct
547	Laurel	MD	20724	01/03/2013 00:00:00	15000	LI - District #1	Laurel Lindseys	547 - Laurel Lindseys	547	Laurel, MD	Lindseys	Allan Guinot	https://obvience-public.sharepoint.com/SiteAssets/images/demo/people/Allan Guinot.jpg	6	2013	Same Store	3	Mar
548	Athens	GA	30606	01/04/2013 00:00:00	10000	LI - District #5	Athens Lindseys	548 - Athens Lindseys	548	Athens, GA	Lindseys	Annelie Zubar	https://obvience-public.sharepoint.com/SiteAssets/images/demo/people/Annelie Zubar.jpg	11	2013	Same Store	4	Apr
549	Charlotte	NC	28227	01/01/2013 00:00:00	15000	LI - District #4	Charlotte Lindseys	549 - Charlotte Lindseys	549	Charlotte, NC	Lindseys	Brad Sutton	https://obvience-public.sharepoint.com/SiteAssets/images/demo/people/Brad Sutton.jpg	10	2013	Same Store	1	Jan
550	Kannapolis	NC	28083	01/02/2013 00:00:00	15000	LI - District #4	Kannapolis Lindseys	550 - Kannapolis Lindseys	550	Kannapolis, NC	Lindseys	Brad Sutton	https://obvience-public.sharepoint.com/SiteAssets/images/demo/people/Brad Sutton.jpg	10	2013	Same Store	2	Feb
551	Anderson	SC	29621	01/02/2013 00:00:00	20000	LI - District #4	Anderson Lindseys	551 - Anderson Lindseys	551	Anderson, SC	Lindseys	Brad Sutton	https://obvience-public.sharepoint.com/SiteAssets/images/demo/people/Brad Sutton.jpg	10	2013	Same Store	2	Feb
554	Augusta	GA	30909	01/09/2013 00:00:00	10000	LI - District #5	Augusta Lindseys	554 - Augusta Lindseys	554	Augusta, GA	Lindseys	Annelie Zubar	https://obvience-public.sharepoint.com/SiteAssets/images/demo/people/Annelie Zubar.jpg	11	2013	Same Store	9	Sep
555	Cartersville	GA	30120	01/06/2013 00:00:00	15000	LI - District #5	Cartersville Lindseys	555 - Cartersville Lindseys	555	Cartersville, GA	Lindseys	Annelie Zubar	https://obvience-public.sharepoint.com/SiteAssets/images/demo/people/Annelie Zubar.jpg	11	2013	Same Store	6	Jun
556	Johnson City	TN	37604	01/09/2013 00:00:00	10000	LI - District #5	Johnson City Lindseys	556 - Johnson City Lindseys	556	Johnson City, TN	Lindseys	Annelie Zubar	https://obvience-public.sharepoint.com/SiteAssets/images/demo/people/Annelie Zubar.jpg	11	2013	Same Store	9	Sep
557	Savannah	GA	31406	01/08/2013 00:00:00	10000	LI - District #3	Savannah Lindseys	557 - Savannah Lindseys	557	Savannah, GA	Lindseys	Chris Gray	https://obvience-public.sharepoint.com/SiteAssets/images/demo/people/Chris Gray.jpg	9	2013	Same Store	8	Aug
558	Newnan	GA	30263	01/06/2013 00:00:00	10000	LI - District #5	Newnan Lindseys	558 - Newnan Lindseys	558	Newnan, GA	Lindseys	Annelie Zubar	https://obvience-public.sharepoint.com/SiteAssets/images/demo/people/Annelie Zubar.jpg	11	2013	Same Store	6	Jun
560	Buford	GA	30519	01/10/2013 00:00:00	10000	LI - District #5	Buford Lindseys	560 - Buford Lindseys	560	Buford, GA	Lindseys	Annelie Zubar	https://obvience-public.sharepoint.com/SiteAssets/images/demo/people/Annelie Zubar.jpg	11	2013	Same Store	10	Oct
563	Duluth	GA	30096	01/10/2013 00:00:00	15000	LI - District #5	Duluth Lindseys	563 - Duluth Lindseys	563	Duluth, GA	Lindseys	Annelie Zubar	https://obvience-public.sharepoint.com/SiteAssets/images/demo/people/Annelie Zubar.jpg	11	2013	Same Store	10	Oct
565	Pasadena	MD	21122	01/07/2014 00:00:00	10000	LI - District #1	Pasadena Lindseys	565 - Pasadena Lindseys	565	Pasadena, MD	Lindseys	Allan Guinot	https://obvience-public.sharepoint.com/SiteAssets/images/demo/people/Allan Guinot.jpg	6	2014	New Store	7	Jul
566	Ft. Oglethorpe	GA	30742	01/05/2014 00:00:00	15000	LI - District #5	Ft. Oglethorpe Lindseys	566 - Ft. Oglethorpe Lindseys	566	Ft. Oglethorpe, GA	Lindseys	Annelie Zubar	https://obvience-public.sharepoint.com/SiteAssets/images/demo/people/Annelie Zubar.jpg	11	2014	New Store	5	May
568	Knoxville	TN	37919	01/05/2014 00:00:00	10000	LI - District #5	Knoxville Lindseys	568 - Knoxville Lindseys	568	Knoxville, TN	Lindseys	Annelie Zubar	https://obvience-public.sharepoint.com/SiteAssets/images/demo/people/Annelie Zubar.jpg	11	2014	New Store	5	May
570	Wilson	NC	27893	01/01/2014 00:00:00	10000	LI - District #3	Wilson Lindseys	570 - Wilson Lindseys	570	Wilson, NC	Lindseys	Chris Gray	https://obvience-public.sharepoint.com/SiteAssets/images/demo/people/Chris Gray.jpg	9	2014	New Store	1	Jan
571	Cookeville	TN	38501	01/01/2005 00:00:00	10000	LI - District #5	Cookeville Lindseys	571 - Cookeville Lindseys	571	Cookeville, TN	Lindseys	Annelie Zubar	https://obvience-public.sharepoint.com/SiteAssets/images/demo/people/Annelie Zubar.jpg	11	2005	Same Store	1	Jan
572	Jacksonville	NC	28546	01/01/2005 00:00:00	10000	LI - District #3	Jacksonville Lindseys	572 - Jacksonville Lindseys	572	Jacksonville, NC	Lindseys	Chris Gray	https://obvience-public.sharepoint.com/SiteAssets/images/demo/people/Chris Gray.jpg	9	2005	Same Store	1	Jan
573	Columbia East	SC	29206	01/04/2005 00:00:00	10000	LI - District #3	Columbia Lindseys	573 - Columbia Lindseys	573	Columbia East, SC	Lindseys	Chris Gray	https://obvience-public.sharepoint.com/SiteAssets/images/demo/people/Chris Gray.jpg	9	2005	Same Store	4	Apr
574	Bowling Green	KY	42104	01/08/2005 00:00:00	10000	LI - District #5	Bowling Green Lindseys	574 - Bowling Green Lindseys	574	Bowling Green, KY	Lindseys	Annelie Zubar	https://obvience-public.sharepoint.com/SiteAssets/images/demo/people/Annelie Zubar.jpg	11	2005	Same Store	8	Aug
575	Goldsboro	NC	27534	01/03/2005 00:00:00	10000	LI - District #3	Goldsboro Lindseys	575 - Goldsboro Lindseys	575	Goldsboro, NC	Lindseys	Chris Gray	https://obvience-public.sharepoint.com/SiteAssets/images/demo/people/Chris Gray.jpg	9	2005	Same Store	3	Mar
576	Gallatin	TN	37066	01/07/2005 00:00:00	15000	LI - District #5	Gallatin Lindseys	576 - Gallatin Lindseys	576	Gallatin, TN	Lindseys	Annelie Zubar	https://obvience-public.sharepoint.com/SiteAssets/images/demo/people/Annelie Zubar.jpg	11	2005	Same Store	7	Jul
577	Elizabethtown	KY	42701	01/12/2005 00:00:00	10000	LI - District #5	Elizabethtown Lindseys	577 - Elizabethtown Lindseys	577	Elizabethtown, KY	Lindseys	Annelie Zubar	https://obvience-public.sharepoint.com/SiteAssets/images/demo/people/Annelie Zubar.jpg	11	2005	Same Store	12	Dec
579	Gastonia	NC	28054	01/12/2006 00:00:00	15000	LI - District #4	Gastonia Lindseys	579 - Gastonia Lindseys	579	Gastonia, NC	Lindseys	Brad Sutton	https://obvience-public.sharepoint.com/SiteAssets/images/demo/people/Brad Sutton.jpg	10	2006	Same Store	12	Dec
580	Chattanooga	TN	37421	01/03/2006 00:00:00	15000	LI - District #5	Chattanooga Lindseys	580 - Chattanooga Lindseys	580	Chattanooga, TN	Lindseys	Annelie Zubar	https://obvience-public.sharepoint.com/SiteAssets/images/demo/people/Annelie Zubar.jpg	11	2006	Same Store	3	Mar
581	Kernersville	NC	27284	01/04/2007 00:00:00	10000	LI - District #4	Kernersville Lindseys	581 - Kernersville Lindseys	581	Kernersville, NC	Lindseys	Brad Sutton	https://obvience-public.sharepoint.com/SiteAssets/images/demo/people/Brad Sutton.jpg	10	2007	Same Store	4	Apr
582	Chambersburg	PA	17201	01/12/2008 00:00:00	10000	LI - District #1	Chambersburg Lindseys	582 - Chambersburg Lindseys	582	Chambersburg, PA	Lindseys	Allan Guinot	https://obvience-public.sharepoint.com/SiteAssets/images/demo/people/Allan Guinot.jpg	6	2008	Same Store	12	Dec
583	Raleigh	NC	27612	01/06/2010 00:00:00	10000	LI - District #3	Raleigh PV Lindseys	583 - Raleigh PV Lindseys	583	Raleigh, NC	Lindseys	Chris Gray	https://obvience-public.sharepoint.com/SiteAssets/images/demo/people/Chris Gray.jpg	9	2010	Same Store	6	Jun